"STT","MãID","TênGiáoViên","MãViếtTắt","TổChuyênMôn","ĐiểmTrường","DạyNhiềuCơSở"
"1","tch-bgh-1","Lê Thanh Cường","Cường.LT (HT)","dept-bgh","Điểm chính (THPT)","Không"
"2","tch-bgh-2","Nguyễn Minh Trí","Trí.NM (PHT)","dept-bgh","Điểm chính (THPT)","Không"
"3","tch-bgh-3","Phan Thanh Thảo","Thảo.PT (PHT)","dept-bgh","Điểm Đốc Binh Kiều (THCS)","Không"
"4","tch-bgh-4","Nguyễn Thanh Tòng","Tòng.NT (PHT)","dept-bgh","Điểm Tân Kiều (THCS)","Không"
"5","tch-t-1","Nguyễn Văn Tới","Tới.NV (TT)","dept-toan","Điểm chính (THPT)","Không"
"6","tch-t-2","Trần Quốc Huy","Huy.TQ (9A7)","dept-toan","Điểm Tân Kiều (THCS)","Không"
"7","tch-t-3","Nguyễn Thị Bích Lang","Lang.NTB (9A3)","dept-toan","Điểm Đốc Binh Kiều (THCS)","Không"
"8","tch-t-4","Trần Văn Giang","Giang.TV","dept-toan","Điểm chính (THPT)","Không"
"9","tch-t-5","Lê Cao Toàn","Toàn.LC","dept-toan","Điểm chính (THPT)","Không"
"10","tch-t-6","Lê Văn Toàn","Toàn.LV","dept-toan","Điểm chính (THPT)","Không"
"11","tch-t-7","Võ Thị Ngọc Hương","Hương.VTN (12CB3)","dept-toan","Điểm chính (THPT)","Không"
"12","tch-t-8","Lê Thị Bình","Bình.LT (6A6)","dept-toan","Điểm Đốc Binh Kiều (THCS)","Không"
"13","tch-t-9","Nguyễn Thái Hùng","Hùng.NThái (8A1)","dept-toan","Điểm Đốc Binh Kiều (THCS)","Không"
"14","tch-t-10","Nguyễn Văn Ngoan","Ngoan.NV (7A1)","dept-toan","Điểm Đốc Binh Kiều (THCS)","Không"
"15","tch-t-11","Nguyễn Quốc Nguyễn","Nguyễn.NQ (7A3)","dept-toan","Điểm Đốc Binh Kiều (THCS)","Không"
"16","tch-t-12","Nguyễn Văn Tài","Tài.NV (9A4)","dept-toan","Điểm Đốc Binh Kiều (THCS)","Không"
"17","tch-t-13","Nguyễn Thành Tín","Tín.NT (9A10)","dept-toan","Điểm Tân Kiều (THCS)","Không"
"18","tch-t-14","Huỳnh Thị Huỳnh Nga","Nga.HTH","dept-toan","Điểm Tân Kiều (THCS)","Không"
"19","tch-t-15","Trần Văn Nhuận","Nhuận.TV (8A10)","dept-toan","Điểm Tân Kiều (THCS)","Không"
"20","tch-v-1","Tô Thị Lắm","Lắm.TT","dept-ngu-van","Điểm chính (THPT)","Không"
"21","tch-v-2","Trương Văn Nghĩa","Nghĩa.TV","dept-ngu-van","Điểm Đốc Binh Kiều (THCS)","Không"
"22","tch-v-3","Huỳnh Thị Vân Nhi","Nhi.HTV","dept-ngu-van","Điểm Tân Kiều (THCS)","Không"
"23","tch-v-4","Hồ Văn Nhịnh","Nhịnh.HV (10CB5)","dept-ngu-van","Điểm chính (THPT)","Không"
"24","tch-v-5","Lê Thị Mỹ Ny","Ny.LTM (10CB3)","dept-ngu-van","Điểm chính (THPT)","Không"
"25","tch-v-6","Trương Thị Mỹ Duyên","Duyên.TTM (12CB2)","dept-ngu-van","Điểm chính (THPT)","Không"
"26","tch-v-8","Phạm Thanh Lâm","Lâm.PT","dept-ngu-van","Điểm Đốc Binh Kiều (THCS)","Không"
"27","tch-v-9","Nguyễn Thị Kim Xoa","Xoa.NTK","dept-ngu-van","Điểm Đốc Binh Kiều (THCS)","Không"
"28","tch-v-10","Hứa Thùy Dương","Dương.HT","dept-ngu-van","Điểm Đốc Binh Kiều (THCS)","Không"
"29","tch-v-11","Lê Thị Hoài An","An.LTH","dept-ngu-van","Điểm Đốc Binh Kiều (THCS)","Không"
"30","tch-v-13","Nguyễn Thị Thảo","Thảo.NT","dept-ngu-van","Điểm Tân Kiều (THCS)","Không"
"31","tch-v-tk-vi","Nguyễn Hiền Vi","Vi.NH","dept-ngu-van","Điểm Tân Kiều (THCS)","Không"
"32","tch-ls-1","Lê Hồng Thúy","Thúy.LH","dept-khxh","Điểm Đốc Binh Kiều (THCS)","Không"
"33","tch-ls-2","Trịnh Văn Sơn","Sơn.TV (12CB5)","dept-khxh","Điểm chính (THPT)","Không"
"34","tch-ls-3","Phạm Thị Mỹ Châu","Châu.PTM (7A8)","dept-khxh","Điểm Tân Kiều (THCS)","Không"
"35","tch-ls-4","Nguyễn Thị Bé Trang","Trang.NTB (12CB4)","dept-khxh","Điểm chính (THPT)","Không"
"36","tch-ls-5","Trần Văn Rỡ","Rỡ.TV (11CB3)","dept-khxh","Điểm chính (THPT)","Không"
"37","tch-ls-6","Trần Phước Hòa","Hòa.TP","dept-khxh","Điểm chính (THPT)","Không"
"38","tch-ls-7","Ngô Anh Tuấn","Tuấn.NA","dept-khxh","Điểm chính (THPT)","Không"
"39","tch-ls-8","Phạm Nguyễn Văn Trường","Trường.PNV","dept-khxh","Điểm chính (THPT)","Không"
"40","tch-ls-9","Lê Thị Kim The","The.LTK","dept-khxh","Điểm Đốc Binh Kiều (THCS)","Không"
"41","tch-ls-10","Nguyễn Quốc Tấn","Tấn.NQ","dept-khxh","Điểm Đốc Binh Kiều (THCS)","Không"
"42","tch-ls-11","Nguyễn Thị Kim Đỉnh","Đỉnh.NTK","dept-khxh","Điểm Đốc Binh Kiều (THCS)","Không"
"43","tch-ls-12","Nguyễn Thị Lý","Lý.NT","dept-khxh","Điểm Đốc Binh Kiều (THCS)","Không"
"44","tch-ls-13","Nguyễn Thị Xe","Xe.NT","dept-khxh","Điểm Đốc Binh Kiều (THCS)","Không"
"45","tch-ls-14","Châu Thị Kim Hà","Hà.CTK","dept-khxh","Điểm Tân Kiều (THCS)","Không"
"46","tch-ls-15","Nguyễn Thị Kim Sang","Sang.NTK (6A7)","dept-khxh","Điểm Tân Kiều (THCS)","Không"
"47","tch-ls-16","Nguyễn Mỹ Ngân","Ngân.NM (9A9)","dept-khxh","Điểm Tân Kiều (THCS)","Không"
"48","tch-khtn-1","Bùi Kim Huỳnh","Huỳnh.BK (11CB1)","dept-khtn","Điểm chính (THPT)","Không"
"49","tch-khtn-2","Thái Văn Tiến","Tiến.TV (8A7)","dept-khtn","Điểm Tân Kiều (THCS)","Không"
"50","tch-khtn-3","Phạm Biên Thùy","Thùy.PB","dept-khtn","Điểm chính (THPT)","Không"
"51","tch-khtn-4","Nguyễn Thị Hiếu","Hiếu.NT (7A5)","dept-khtn","Điểm Đốc Binh Kiều (THCS)","Không"
"52","tch-khtn-5","Cao Văn Tùng","Tùng.CV (10CB1)","dept-khtn","Điểm chính (THPT)","Không"
"53","tch-khtn-6","Trần Thị Ngọc Hiền","Hiền.TTN","dept-khtn","Điểm chính (THPT)","Không"
"54","tch-khtn-7","Phan Thị Ngọc Thơ","Thơ.PTN (12CB1)","dept-khtn","Điểm chính (THPT)","Không"
"55","tch-khtn-8","Phạm Long Phi","Phi.PL (11CB2)","dept-khtn","Điểm chính (THPT)","Không"
"56","tch-khtn-9","Trần Thị Kiều","Kiều.TT (10CB2)","dept-khtn","Điểm chính (THPT)","Không"
"57","tch-khtn-10","Trần Thị Hậu","Hậu.TTH (9A2)","dept-khtn","Điểm Đốc Binh Kiều (THCS)","Không"
"58","tch-khtn-11","Lê Thái Phương","Phương.LT (9A6)","dept-khtn","Điểm Đốc Binh Kiều (THCS)","Không"
"59","tch-khtn-12","Võ Hoàng Toàn","Toàn.VH (8A5)","dept-khtn","Điểm Đốc Binh Kiều (THCS)","Không"
"60","tch-khtn-13","Nguyễn Thị Thắm","Thắm.NT (6A2)","dept-khtn","Điểm Đốc Binh Kiều (THCS)","Không"
"61","tch-khtn-14","Nguyễn Thị Bích Phượng","Phượng.NTB (8A8)","dept-khtn","Điểm Tân Kiều (THCS)","Không"
"62","tch-khtn-15","Võ Ngọc Đình Văn","Văn.VNĐ","dept-khtn","Điểm Tân Kiều (THCS)","Không"
"63","tch-khtn-16","Nguyễn Thị Cẩm Nhung","Nhung.NTC (9A1)","dept-khtn","Điểm Đốc Binh Kiều (THCS)","Không"
"64","tch-khtn-17","Nguyễn Kim Ngân","Ngân.NK (8A4)","dept-khtn","Điểm Đốc Binh Kiều (THCS)","Không"
"65","tch-khtn-18","Hồ Thị Ngọc Tài","Tài.HTN (6A1)","dept-khtn","Điểm Đốc Binh Kiều (THCS)","Không"
"66","tch-khtn-19","Trần Kim Phương","Phương.TK (7A7)","dept-khtn","Điểm Tân Kiều (THCS)","Không"
"67","tch-khtn-20","Đinh Thị Giàu","Giàu.ĐT (9A8)","dept-khtn","Điểm Tân Kiều (THCS)","Không"
"68","tch-khtn-21","Nguyễn Thị Lụa","Lụa.NT (6A10)","dept-khtn","Điểm Tân Kiều (THCS)","Không"
"69","tch-khtn-22","Trần Phi Hải","Hải.TP (8A2)","dept-khtn","Điểm Đốc Binh Kiều (THCS)","Không"
"70","tch-khtn-23","Trần Thị Cẩm","Cẩm.TT (7A6)","dept-khtn","Điểm Đốc Binh Kiều (THCS)","Không"
"71","tch-khtn-24","Lê Kim Ngân","Ngân.LK (6A5)","dept-khtn","Điểm Đốc Binh Kiều (THCS)","Không"
"72","tch-khtn-25","Nguyễn Thị Ngọc Diễm","Diễm.NTN (6A9)","dept-khtn","Điểm Tân Kiều (THCS)","Không"
"73","tch-khtn-26","Phan Văn Tặt","Tặt.PV","dept-khtn","Điểm Tân Kiều (THCS)","Không"
"74","tch-av-1","Lê Thị Ngọc Tuyền","Tuyền.LTN","dept-tieng-anh-tin","Điểm Tân Kiều (THCS)","Không"
"75","tch-av-2","Nguyễn Trung Hiếu","Hiếu.NT (Tin)","dept-tieng-anh-tin","Điểm chính (THPT)","Không"
"76","tch-av-3","Nguyễn Thị Mai Khanh","Khanh.NTM","dept-tieng-anh-tin","Điểm Đốc Binh Kiều (THCS)","Không"
"77","tch-av-4","Võ Thị Hiền Thi","Thi.VTH","dept-tieng-anh-tin","Điểm chính (THPT)","Không"
"78","tch-av-5","Ngô Bảo Quốc","Quốc.NB","dept-tieng-anh-tin","Điểm chính (THPT)","Không"
"79","tch-av-6","Trương Sơn Bền","Bền.TS","dept-tieng-anh-tin","Điểm chính (THPT)","Không"
"80","tch-av-7","Nguyễn Thị Vân Anh","Anh.NTV","dept-tieng-anh-tin","Điểm chính (THPT)","Không"
"81","tch-av-8","Đào Thị Ngọc Liên","Liên.ĐTN (11CB4)","dept-tieng-anh-tin","Điểm chính (THPT)","Không"
"82","tch-av-9","Lê Thị Thu Diễm","Diễm.LTT (10CB4)","dept-tieng-anh-tin","Điểm chính (THPT)","Không"
"83","tch-av-10","Trần Thanh Hậu","Hậu.TT","dept-tieng-anh-tin","Điểm Đốc Binh Kiều (THCS)","Không"
"84","tch-av-11","Hồ Mai Thảo","Thảo.HM (9A5)","dept-tieng-anh-tin","Điểm Đốc Binh Kiều (THCS)","Không"
"85","tch-av-12","Nguyễn Thị Thùy Dương","Dương.NTT (8A3)","dept-tieng-anh-tin","Điểm Đốc Binh Kiều (THCS)","Không"
"86","tch-av-13","Mai Phước Lộc","Lộc.MP (7A2)","dept-tieng-anh-tin","Điểm Đốc Binh Kiều (THCS)","Không"
"87","tch-av-14","Bùi Kim Phướng","Phướng.BK (6A3)","dept-tieng-anh-tin","Điểm Đốc Binh Kiều (THCS)","Không"
"88","tch-av-15","Lê Minh Thành","Thành.LM","dept-tieng-anh-tin","Điểm Tân Kiều (THCS)","Không"
"89","tch-av-16","Lê Phước Hậu","Hậu.LP (8A9)","dept-tieng-anh-tin","Điểm Tân Kiều (THCS)","Không"
"90","tch-td-1","Lê Văn Nguyên","Nguyên.LV","dept-gdtc-qpan-nt","Điểm Đốc Binh Kiều (THCS)","Không"
"91","tch-td-2","Nguyễn Kim Rạng","Rạng.NK","dept-gdtc-qpan-nt","Điểm chính (THPT)","Không"
"92","tch-td-3","Lê Thị Ngọc Điệp","Điệp.LTN (6A8)","dept-gdtc-qpan-nt","Điểm Đốc Binh Kiều (THCS)","Không"
"93","tch-td-4","Hồ Hoài Ngân","Ngân.HH","dept-gdtc-qpan-nt","Điểm chính (THPT)","Không"
"94","tch-td-5","Lê Minh Đạt","Đạt.LM","dept-gdtc-qpan-nt","Điểm Đốc Binh Kiều (THCS)","Không"
"95","tch-td-6","Lê Ngọc Ẩn","Ẩn.LN (7A4)","dept-gdtc-qpan-nt","Điểm Đốc Binh Kiều (THCS)","Không"
"96","tch-td-7","Huỳnh Thanh Dân","Dân.HT (8A6)","dept-gdtc-qpan-nt","Điểm Đốc Binh Kiều (THCS)","Không"
"97","tch-td-8","Nguyễn Thanh Hùng","Hùng.NThanh (6A4)","dept-gdtc-qpan-nt","Điểm Đốc Binh Kiều (THCS)","Không"
"98","tch-td-9","Lê Thị Tuyết Xanh","Xanh.LTT","dept-gdtc-qpan-nt","Điểm Đốc Binh Kiều (THCS)","Không"
"99","tch-td-10","Trần Thị Mỹ Quốc","Quốc.TTM","dept-gdtc-qpan-nt","Điểm Tân Kiều (THCS)","Không"
"100","tch-td-11","Lê Văn Chính","Chính.LV (7A9)","dept-gdtc-qpan-nt","Điểm Tân Kiều (THCS)","Không"
"101","tch-td-12","Nguyễn Anh Văn","Văn.NA","dept-gdtc-qpan-nt","Điểm Tân Kiều (THCS)","Không"
