"STT","ĐiểmTrường","Khối","Lớp","BuổiHọc","T2_T1","T2_T2","T2_T3","T2_T4","T2_T5","T3_T1","T3_T2","T3_T3","T3_T4","T3_T5","T4_T1","T4_T2","T4_T3","T4_T4","T4_T5","T5_T1","T5_T2","T5_T3","T5_T4","T5_T5","T6_T1","T6_T2","T6_T3","T6_T4","T6_T5","T7_T1","T7_T2","T7_T3","T7_T4","T7_T5"
"1","Điểm chính (THPT)","Khối 10","10CB1","Sáng","Chào cờ (Tùng.CV (10CB1))","Sinh học (Tùng.CV (10CB1))","HĐTNHN (Chuyên đề) (Tùng.CV (10CB1))","Tin học (Diễm.LTT (10CB4))","Hóa học (Kiều.TT (10CB2))","Hóa học (Kiều.TT (10CB2))","Ngữ văn (Duyên.TTM (12CB2))","Lịch sử (Trang.NTB (12CB4))","Tiếng Anh (Thi.VTH)","Tiếng Anh (Thi.VTH)","Ngữ văn (Duyên.TTM (12CB2))","Ngữ văn (Duyên.TTM (12CB2))","Vật lí (Hiền.TTN)","Toán học (Hương.VTN (12CB3))","Toán học (Hương.VTN (12CB3))","Hóa học (Kiều.TT (10CB2))","Giáo dục thể chất (Ẩn.LN (7A4))","Giáo dục thể chất (Ẩn.LN (7A4))","","","GDQP - AN (Rạng.NK)","Sinh học (Tùng.CV (10CB1))","Vật lí (Hiền.TTN)","Tiếng Anh (Thi.VTH)","Tin học (Diễm.LTT (10CB4))","Sinh học (Tùng.CV (10CB1))","HĐTNHN (Chuyên đề) (Tùng.CV (10CB1))","Toán học (Hương.VTN (12CB3))","Toán học (Hương.VTN (12CB3))","Sinh hoạt lớp (Tùng.CV (10CB1))"
"2","Điểm chính (THPT)","Khối 10","10CB2","Sáng","Chào cờ (Kiều.TT (10CB2))","Hóa học (Kiều.TT (10CB2))","Địa lí (Hòa.TP)","Ngữ văn (Nhịnh.HV (10CB5))","Ngữ văn (Nhịnh.HV (10CB5))","Tin học (Diễm.LTT (10CB4))","Hóa học (Kiều.TT (10CB2))","HĐTNHN (Chuyên đề) (Kiều.TT (10CB2))","Vật lí (Hiền.TTN)","Toán học (Toàn.LC)","Địa lí (Hòa.TP)","Giáo dục thể chất (Ẩn.LN (7A4))","Giáo dục thể chất (Ẩn.LN (7A4))","Toán học (Toàn.LC)","Toán học (Toàn.LC)","GDQP - AN (Rạng.NK)","HĐTNHN (Chuyên đề) (Kiều.TT (10CB2))","Hóa học (Kiều.TT (10CB2))","","","Tiếng Anh (Quốc.NB)","Vật lí (Hiền.TTN)","Lịch sử (Sơn.TV (12CB5))","Tin học (Diễm.LTT (10CB4))","Toán học (Toàn.LC)","Tiếng Anh (Quốc.NB)","Tiếng Anh (Quốc.NB)","Ngữ văn (Nhịnh.HV (10CB5))","Tin học (Diễm.LTT (10CB4))","Sinh hoạt lớp (Kiều.TT (10CB2))"
"3","Điểm chính (THPT)","Khối 10","10CB3","Sáng","Chào cờ (Ny.LTM (10CB3))","Tin học (Diễm.LTT (10CB4))","HĐTNHN (Chuyên đề) (Kiều.TT (10CB2))","Toán học (Toàn.LC)","Giáo dục KT & PL (Trường.PNV)","Ngữ văn (Ny.LTM (10CB3))","Ngữ văn (Ny.LTM (10CB3))","Toán học (Toàn.LC)","Toán học (Toàn.LC)","Vật lí (Hiền.TTN)","Giáo dục KT & PL (Trường.PNV)","Địa lí (Hòa.TP)","GDQP - AN (Rạng.NK)","Vật lí (Hiền.TTN)","Tin học (Diễm.LTT (10CB4))","Vật lí (Hiền.TTN)","Tiếng Anh (Quốc.NB)","Tiếng Anh (Quốc.NB)","Giáo dục thể chất (Ẩn.LN (7A4))","Giáo dục thể chất (Ẩn.LN (7A4))","Lịch sử (Sơn.TV (12CB5))","Ngữ văn (Ny.LTM (10CB3))","Toán học (Toàn.LC)","HĐTNHN (Chuyên đề) (Kiều.TT (10CB2))","Địa lí (Hòa.TP)","","","Tin học (Diễm.LTT (10CB4))","Tiếng Anh (Quốc.NB)","Sinh hoạt lớp (Ny.LTM (10CB3))"
"4","Điểm chính (THPT)","Khối 10","10CB4","Sáng","Chào cờ (Diễm.LTT (10CB4))","Toán học (Hương.VTN (12CB3))","Giáo dục KT & PL (Trường.PNV)","HĐTNHN (Chuyên đề) (Kiều.TT (10CB2))","Tin học (Diễm.LTT (10CB4))","GDQP - AN (Rạng.NK)","Tin học (Diễm.LTT (10CB4))","Ngữ văn (Duyên.TTM (12CB2))","Lịch sử (Trang.NTB (12CB4))","Giáo dục KT & PL (Trường.PNV)","Tiếng Anh (Anh.NTV)","Tiếng Anh (Anh.NTV)","Địa lí (Hòa.TP)","Tin học (Diễm.LTT (10CB4))","Vật lí (Hiền.TTN)","Toán học (Hương.VTN (12CB3))","Vật lí (Hiền.TTN)","Tiếng Anh (Anh.NTV)","","","Ngữ văn (Duyên.TTM (12CB2))","Ngữ văn (Duyên.TTM (12CB2))","Địa lí (Hòa.TP)","Vật lí (Hiền.TTN)","HĐTNHN (Chuyên đề) (Kiều.TT (10CB2))","Toán học (Hương.VTN (12CB3))","Toán học (Hương.VTN (12CB3))","Giáo dục thể chất (Ẩn.LN (7A4))","Giáo dục thể chất (Ẩn.LN (7A4))","Sinh hoạt lớp (Diễm.LTT (10CB4))"
"5","Điểm chính (THPT)","Khối 10","10CB5","Sáng","Chào cờ (Nhịnh.HV (10CB5))","Giáo dục KT & PL (Trường.PNV)","Vật lí (Hiền.TTN)","Địa lí (Hòa.TP)","Toán học (Giang.TV)","Tiếng Anh (Anh.NTV)","Tiếng Anh (Anh.NTV)","Tin học (Hiếu.NT (Tin))","Giáo dục KT & PL (Trường.PNV)","HĐTNHN (Chuyên đề) (Kiều.TT (10CB2))","Vật lí (Hiền.TTN)","Toán học (Giang.TV)","Lịch sử (Trang.NTB (12CB4))","Địa lí (Hòa.TP)","Tiếng Anh (Anh.NTV)","Ngữ văn (Nhịnh.HV (10CB5))","GDQP - AN (Rạng.NK)","Tin học (Hiếu.NT (Tin))","","","Ngữ văn (Nhịnh.HV (10CB5))","Ngữ văn (Nhịnh.HV (10CB5))","Toán học (Giang.TV)","Toán học (Giang.TV)","Vật lí (Hiền.TTN)","Giáo dục thể chất (Rạng.NK)","Giáo dục thể chất (Rạng.NK)","Tin học (Hiếu.NT (Tin))","HĐTNHN (Chuyên đề) (Kiều.TT (10CB2))","Sinh hoạt lớp (Nhịnh.HV (10CB5))"
"6","Điểm chính (THPT)","Khối 11","11CB1","Sáng","Chào cờ (Huỳnh.BK (11CB1))","Hóa học (Thơ.PTN (12CB1))","Sinh học (Huỳnh.BK (11CB1))","Tin học (Liên.ĐTN (11CB4))","Vật lí (Thùy.PB)","Ngữ văn (Lắm.TT)","Ngữ văn (Lắm.TT)","Giáo dục thể chất (Ngân.HH)","Giáo dục thể chất (Ngân.HH)","Tin học (Liên.ĐTN (11CB4))","Toán học (Toàn.LV)","Toán học (Toàn.LV)","Tiếng Anh (Anh.NTV)","Sinh học (Huỳnh.BK (11CB1))","Ngữ văn (Lắm.TT)","Hóa học (Thơ.PTN (12CB1))","HĐTNHN (Chuyên đề) (Phi.PL (11CB2))","Sinh học (Huỳnh.BK (11CB1))","","","Tiếng Anh (Anh.NTV)","Tiếng Anh (Anh.NTV)","Toán học (Toàn.LV)","Toán học (Toàn.LV)","Vật lí (Thùy.PB)","HĐTNHN (Chuyên đề) (Phi.PL (11CB2))","Lịch sử (Rỡ.TV (11CB3))","Hóa học (Thơ.PTN (12CB1))","GDQP - AN (Rạng.NK)","Sinh hoạt lớp (Huỳnh.BK (11CB1))"
"7","Điểm chính (THPT)","Khối 11","11CB2","Sáng","Chào cờ (Phi.PL (11CB2))","Hóa học (Phi.PL (11CB2))","Tin học (Liên.ĐTN (11CB4))","Địa lí (Tuấn.NA)","Toán học (Toàn.LC)","Toán học (Toàn.LC)","Vật lí (Thùy.PB)","HĐTNHN (Chuyên đề) (Phi.PL (11CB2))","Địa lí (Tuấn.NA)","Lịch sử (Rỡ.TV (11CB3))","GDQP - AN (Rạng.NK)","Hóa học (Phi.PL (11CB2))","Giáo dục thể chất (Ngân.HH)","Giáo dục thể chất (Ngân.HH)","Tin học (Liên.ĐTN (11CB4))","Hóa học (Phi.PL (11CB2))","Tin học (Liên.ĐTN (11CB4))","Ngữ văn (Nhịnh.HV (10CB5))","","","Toán học (Toàn.LC)","Toán học (Toàn.LC)","Vật lí (Thùy.PB)","Tiếng Anh (Quốc.NB)","Tiếng Anh (Quốc.NB)","Ngữ văn (Nhịnh.HV (10CB5))","Ngữ văn (Nhịnh.HV (10CB5))","Tiếng Anh (Quốc.NB)","HĐTNHN (Chuyên đề) (Phi.PL (11CB2))","Sinh hoạt lớp (Phi.PL (11CB2))"
"8","Điểm chính (THPT)","Khối 11","11CB3","Sáng","Chào cờ (Rỡ.TV (11CB3))","Ngữ văn (Nhịnh.HV (10CB5))","Ngữ văn (Nhịnh.HV (10CB5))","Vật lí (Hiền.TTN)","Địa lí (Tuấn.NA)","Giáo dục thể chất (Ngân.HH)","Giáo dục thể chất (Ngân.HH)","Tiếng Anh (Anh.NTV)","Tin học (Liên.ĐTN (11CB4))","HĐTNHN (Chuyên đề) (Phi.PL (11CB2))","HĐTNHN (Chuyên đề) (Phi.PL (11CB2))","Vật lí (Hiền.TTN)","Toán học (Giang.TV)","Tin học (Liên.ĐTN (11CB4))","Giáo dục KT & PL (Trường.PNV)","Tiếng Anh (Anh.NTV)","Tiếng Anh (Anh.NTV)","Tin học (Liên.ĐTN (11CB4))","","","Vật lí (Hiền.TTN)","Toán học (Giang.TV)","GDQP - AN (Rạng.NK)","Giáo dục KT & PL (Trường.PNV)","Địa lí (Tuấn.NA)","Toán học (Giang.TV)","Toán học (Giang.TV)","Lịch sử (Rỡ.TV (11CB3))","Ngữ văn (Nhịnh.HV (10CB5))","Sinh hoạt lớp (Rỡ.TV (11CB3))"
"9","Điểm chính (THPT)","Khối 11","11CB4","Sáng","Chào cờ (Liên.ĐTN (11CB4))","Ngữ văn (Lắm.TT)","Ngữ văn (Lắm.TT)","Toán học (Giang.TV)","Tin học (Liên.ĐTN (11CB4))","Vật lí (Thùy.PB)","Giáo dục KT & PL (Trường.PNV)","Ngữ văn (Lắm.TT)","HĐTNHN (Chuyên đề) (Phi.PL (11CB2))","Địa lí (Tuấn.NA)","Tiếng Anh (Quốc.NB)","Tiếng Anh (Quốc.NB)","Lịch sử (Rỡ.TV (11CB3))","Toán học (Giang.TV)","Toán học (Giang.TV)","Tin học (Liên.ĐTN (11CB4))","Vật lí (Thùy.PB)","Địa lí (Tuấn.NA)","","","Toán học (Giang.TV)","GDQP - AN (Rạng.NK)","Tiếng Anh (Quốc.NB)","Vật lí (Thùy.PB)","Giáo dục KT & PL (Trường.PNV)","Giáo dục thể chất (Ngân.HH)","Giáo dục thể chất (Ngân.HH)","HĐTNHN (Chuyên đề) (Phi.PL (11CB2))","Tin học (Liên.ĐTN (11CB4))","Sinh hoạt lớp (Liên.ĐTN (11CB4))"
"10","Điểm chính (THPT)","Khối 12","12CB1","Sáng","Chào cờ (Thơ.PTN (12CB1))","Lịch sử (Sơn.TV (12CB5))","HĐTNHN (Chuyên đề) (Thơ.PTN (12CB1))","Toán học (Tới.NV (TT))","Toán học (Tới.NV (TT))","Hóa học (Thơ.PTN (12CB1))","Toán học (Tới.NV (TT))","Toán học (Tới.NV (TT))","Vật lí (Thùy.PB)","Lịch sử (Sơn.TV (12CB5))","Sinh học (Huỳnh.BK (11CB1))","Ngữ văn (Ny.LTM (10CB3))","Ngữ văn (Ny.LTM (10CB3))","GDQP - AN (Rạng.NK)","Tiếng Anh (Thi.VTH)","Vật lí (Thùy.PB)","Tin học (Hiếu.NT (Tin))","Tiếng Anh (Thi.VTH)","Tiếng Anh (Thi.VTH)","","Ngữ văn (Ny.LTM (10CB3))","Tin học (Hiếu.NT (Tin))","Giáo dục thể chất (Ngân.HH)","Giáo dục thể chất (Ngân.HH)","Lịch sử (Sơn.TV (12CB5))","HĐTNHN (Chuyên đề) (Thơ.PTN (12CB1))","Hóa học (Thơ.PTN (12CB1))","Ngữ văn (Ny.LTM (10CB3))","Sinh học (Huỳnh.BK (11CB1))","Sinh hoạt lớp (Thơ.PTN (12CB1))"
"11","Điểm chính (THPT)","Khối 12","12CB2","Sáng","Chào cờ (Duyên.TTM (12CB2))","HĐTNHN (Chuyên đề) (Duyên.TTM (12CB2))","Lịch sử (Trang.NTB (12CB4))","Tiếng Anh (Thi.VTH)","Địa lí (Hòa.TP)","Lịch sử (Trang.NTB (12CB4))","Hóa học (Thơ.PTN (12CB1))","GDQP - AN (Rạng.NK)","Ngữ văn (Duyên.TTM (12CB2))","Ngữ văn (Duyên.TTM (12CB2))","Giáo dục thể chất (Ngân.HH)","Giáo dục thể chất (Ngân.HH)","Toán học (Toàn.LV)","Lịch sử (Trang.NTB (12CB4))","Sinh học (Huỳnh.BK (11CB1))","Sinh học (Huỳnh.BK (11CB1))","Hóa học (Thơ.PTN (12CB1))","Toán học (Toàn.LV)","Toán học (Toàn.LV)","","Tin học (Hiếu.NT (Tin))","Tiếng Anh (Thi.VTH)","Tiếng Anh (Thi.VTH)","Địa lí (Hòa.TP)","Toán học (Toàn.LV)","Ngữ văn (Duyên.TTM (12CB2))","Ngữ văn (Duyên.TTM (12CB2))","HĐTNHN (Chuyên đề) (Duyên.TTM (12CB2))","Tin học (Hiếu.NT (Tin))","Sinh hoạt lớp (Duyên.TTM (12CB2))"
"12","Điểm chính (THPT)","Khối 12","12CB3","Sáng","Chào cờ (Hương.VTN (12CB3))","Lịch sử (Rỡ.TV (11CB3))","Vật lí (Thùy.PB)","Ngữ văn (Lắm.TT)","Ngữ văn (Lắm.TT)","Giáo dục KT & PL (Trường.PNV)","GDQP - AN (Rạng.NK)","Địa lí (Tuấn.NA)","Lịch sử (Rỡ.TV (11CB3))","Vật lí (Thùy.PB)","Tiếng Anh (Thi.VTH)","Tiếng Anh (Thi.VTH)","Giáo dục KT & PL (Trường.PNV)","Ngữ văn (Lắm.TT)","HĐTNHN (Chuyên đề) (Rỡ.TV (11CB3))","Tin học (Hiếu.NT (Tin))","Toán học (Hương.VTN (12CB3))","Toán học (Hương.VTN (12CB3))","Địa lí (Tuấn.NA)","","Giáo dục thể chất (Ngân.HH)","Giáo dục thể chất (Ngân.HH)","Toán học (Hương.VTN (12CB3))","Toán học (Hương.VTN (12CB3))","Tiếng Anh (Thi.VTH)","HĐTNHN (Chuyên đề) (Rỡ.TV (11CB3))","Tin học (Hiếu.NT (Tin))","Ngữ văn (Lắm.TT)","Lịch sử (Rỡ.TV (11CB3))","Sinh hoạt lớp (Hương.VTN (12CB3))"
"13","Điểm chính (THPT)","Khối 12","12CB4","Sáng","Chào cờ (Trang.NTB (12CB4))","Ngữ văn (Ny.LTM (10CB3))","Toán học (Tới.NV (TT))","Giáo dục KT & PL (Trường.PNV)","Tiếng Anh (Thi.VTH)","Toán học (Tới.NV (TT))","HĐTNHN (Chuyên đề) (Trang.NTB (12CB4))","Vật lí (Thùy.PB)","Tin học (Hiếu.NT (Tin))","Lịch sử (Trang.NTB (12CB4))","Ngữ văn (Ny.LTM (10CB3))","Giáo dục KT & PL (Trường.PNV)","Tiếng Anh (Thi.VTH)","Tiếng Anh (Thi.VTH)","Địa lí (Hòa.TP)","Toán học (Tới.NV (TT))","Toán học (Tới.NV (TT))","Giáo dục thể chất (Ngân.HH)","Giáo dục thể chất (Ngân.HH)","","Địa lí (Hòa.TP)","Vật lí (Thùy.PB)","Tin học (Hiếu.NT (Tin))","Lịch sử (Trang.NTB (12CB4))","HĐTNHN (Chuyên đề) (Trang.NTB (12CB4))","Ngữ văn (Ny.LTM (10CB3))","Ngữ văn (Ny.LTM (10CB3))","GDQP - AN (Rạng.NK)","Lịch sử (Trang.NTB (12CB4))","Sinh hoạt lớp (Trang.NTB (12CB4))"
"14","Điểm chính (THPT)","Khối 12","12CB5","Sáng","Chào cờ (Sơn.TV (12CB5))","Sinh học (Huỳnh.BK (11CB1))","Địa lí (Tuấn.NA)","Toán học (Toàn.LV)","Toán học (Toàn.LV)","Tiếng Anh (Bền.TS)","Tiếng Anh (Bền.TS)","Giáo dục KT & PL (Trường.PNV)","Lịch sử (Sơn.TV (12CB5))","HĐTNHN (Chuyên đề) (Trí.NM (PHT))","Tiếng Anh (Bền.TS)","GDQP - AN (Rạng.NK)","Sinh học (Huỳnh.BK (11CB1))","Toán học (Toàn.LV)","Toán học (Toàn.LV)","Giáo dục thể chất (Ngân.HH)","Giáo dục thể chất (Ngân.HH)","Ngữ văn (Lắm.TT)","Ngữ văn (Lắm.TT)","","Công nghệ (Tùng.CV (10CB1))","Lịch sử (Sơn.TV (12CB5))","Giáo dục KT & PL (Trường.PNV)","Địa lí (Tuấn.NA)","HĐTNHN (Chuyên đề) (Trí.NM (PHT))","Ngữ văn (Lắm.TT)","Ngữ văn (Lắm.TT)","Công nghệ (Tùng.CV (10CB1))","Lịch sử (Sơn.TV (12CB5))","Sinh hoạt lớp (Sơn.TV (12CB5))"
"15","Điểm Đốc Binh Kiều (THCS)","Khối 6","6A1","Chiều","Tiếng Anh (Thảo.HM)","Khoa học tự nhiên (Tài.HTN)","Khoa học tự nhiên (Tài.HTN)","Công nghệ (Ngân.LK)","Chào cờ (Tài.HTN)","Toán học (Lang.NTB)","Toán học (Lang.NTB)","Ngữ văn (Lâm.PT)","Ngữ văn (Lâm.PT)","Giáo dục công dân (Thúy.LH)","HĐTNHN (Quy mô lớp) (Tài.HTN)","HĐTNHN (Chuyên đề) (Nhung.NTC)","Giáo dục thể chất (Hùng.NThanh)","Toán học (Lang.NTB)","Toán học (Lang.NTB)","Âm nhạc (Xanh.LTT)","Khoa học tự nhiên (Tài.HTN)","","","","Ngữ văn (Lâm.PT)","Ngữ văn (Lâm.PT)","Giáo dục thể chất (Hùng.NThanh)","Tiếng Anh (Thảo.HM)","Tiếng Anh (Thảo.HM)","Mỹ thuật (Đạt.LM)","Lịch sử và Địa lí (Tấn.NQ)","Lịch sử và Địa lí (Tấn.NQ)","Khoa học tự nhiên (Tài.HTN)","Sinh hoạt lớp (Tài.HTN)"
"16","Điểm Đốc Binh Kiều (THCS)","Khối 6","6A2","Chiều","Âm nhạc (Xanh.LTT)","Giáo dục công dân (Thúy.LH)","Tin học (Phướng.BK)","Khoa học tự nhiên (Thắm.NT)","Chào cờ (Thắm.NT)","HĐTNHN (Quy mô lớp) (Thắm.NT)","HĐTNHN (Chuyên đề) (Thắm.NT)","Toán học (Bình.LT)","Lịch sử và Địa lí (Tấn.NQ)","Lịch sử và Địa lí (Tấn.NQ)","Ngữ văn (Lâm.PT)","Ngữ văn (Lâm.PT)","Toán học (Bình.LT)","Toán học (Bình.LT)","Công nghệ (Ngân.LK)","Tiếng Anh (Hậu.TT)","Tiếng Anh (Hậu.TT)","","","","Khoa học tự nhiên (Thắm.NT)","Khoa học tự nhiên (Thắm.NT)","Lịch sử và Địa lí (Tấn.NQ)","Ngữ văn (Lâm.PT)","Giáo dục thể chất (Hùng.NThanh)","Toán học (Bình.LT)","Mỹ thuật (Đạt.LM)","Giáo dục thể chất (Hùng.NThanh)","Khoa học tự nhiên (Thắm.NT)","Sinh hoạt lớp (Thắm.NT)"
"17","Điểm Đốc Binh Kiều (THCS)","Khối 6","6A3","Chiều","HĐTNHN (Quy mô lớp) (Phướng.BK)","HĐTNHN (Chuyên đề) (Nhung.NTC)","Tiếng Anh (Thảo.HM)","Khoa học tự nhiên (Ngân.NK)","Chào cờ (Phướng.BK)","Lịch sử và Địa lí (Tấn.NQ)","Mỹ thuật (Quốc.TTM)","Ngữ văn (Dương.HT)","Ngữ văn (Dương.HT)","Giáo dục thể chất (Hùng.NThanh)","Tin học (Phướng.BK)","Âm nhạc (Văn.NA)","Khoa học tự nhiên (Ngân.NK)","Khoa học tự nhiên (Ngân.NK)","Ngữ văn (Dương.HT)","Lịch sử và Địa lí (Tấn.NQ)","Lịch sử và Địa lí (Tấn.NQ)","","","","Giáo dục công dân (Thúy.LH)","Toán học (Hùng.NThái)","Toán học (Hùng.NThái)","Giáo dục thể chất (Hùng.NThanh)","Ngữ văn (Dương.HT)","Công nghệ (Ngân.LK)","Khoa học tự nhiên (Ngân.NK)","Tiếng Anh (Thảo.HM)","Tiếng Anh (Thảo.HM)","Sinh hoạt lớp (Phướng.BK)"
"18","Điểm Đốc Binh Kiều (THCS)","Khối 6","6A4","Chiều","HĐTNHN (Chuyên đề) (Thắm.NT)","HĐTNHN (Quy mô lớp) (Hùng.NThanh)","Khoa học tự nhiên (Ngân.NK)","Giáo dục thể chất (Hùng.NThanh)","Chào cờ (Hùng.NThanh)","Tiếng Anh (Hậu.TT)","Lịch sử và Địa lí (Tấn.NQ)","Mỹ thuật (Quốc.TTM)","Giáo dục thể chất (Hùng.NThanh)","Ngữ văn (Lâm.PT)","Khoa học tự nhiên (Ngân.NK)","Giáo dục công dân (Thúy.LH)","Âm nhạc (Văn.NA)","Công nghệ (Ngân.LK)","Toán học (Bình.LT)","Ngữ văn (Lâm.PT)","Ngữ văn (Lâm.PT)","","","","Lịch sử và Địa lí (Tấn.NQ)","Lịch sử và Địa lí (Tấn.NQ)","Tiếng Anh (Hậu.TT)","Tiếng Anh (Hậu.TT)","Ngữ văn (Lâm.PT)","Tin học (Phướng.BK)","Toán học (Bình.LT)","Toán học (Bình.LT)","Khoa học tự nhiên (Ngân.NK)","Sinh hoạt lớp (Hùng.NThanh)"
"19","Điểm Đốc Binh Kiều (THCS)","Khối 6","6A5","Chiều","HĐTNHN (Quy mô lớp) (Ngân.LK)","HĐTNHN (Chuyên đề) (Ngân.LK)","Giáo dục thể chất (Hùng.NThanh)","Ngữ văn (Dương.HT)","Chào cờ (Ngân.LK)","Giáo dục công dân (Thúy.LH)","Toán học (Bình.LT)","Tiếng Anh (Hậu.TT)","Mỹ thuật (Quốc.TTM)","Ngữ văn (Dương.HT)","Toán học (Bình.LT)","Toán học (Bình.LT)","Lịch sử (Tấn.NQ)","Âm nhạc (Văn.NA)","Khoa học tự nhiên (Ngân.NK)","Khoa học tự nhiên (Ngân.NK)","Khoa học tự nhiên (Ngân.NK)","","","","Tiếng Anh (Hậu.TT)","Tiếng Anh (Hậu.TT)","Ngữ văn (Dương.HT)","Ngữ văn (Dương.HT)","Địa lí (Hòa.TP)","Lịch sử (Tấn.NQ)","Tin học (Phướng.BK)","Công nghệ (Ngân.LK)","Giáo dục thể chất (Hùng.NThanh)","Sinh hoạt lớp (Ngân.LK)"
"20","Điểm Đốc Binh Kiều (THCS)","Khối 6","6A6","Chiều","Khoa học tự nhiên (Tài.HTN)","Giáo dục thể chất (Hùng.NThanh)","Ngữ văn (Dương.HT)","Toán học (Bình.LT)","Chào cờ (Bình.LT)","Toán học (Bình.LT)","Giáo dục thể chất (Hùng.NThanh)","Lịch sử (Tấn.NQ)","Tiếng Anh (Hậu.TT)","Mỹ thuật (Quốc.TTM)","HĐTNHN (Quy mô lớp) (Bình.LT)","HĐTNHN (Chuyên đề) (Ngân.LK)","Ngữ văn (Dương.HT)","Ngữ văn (Dương.HT)","Âm nhạc (Văn.NA)","Khoa học tự nhiên (Tài.HTN)","Ngữ văn (Dương.HT)","","","","Toán học (Bình.LT)","Toán học (Bình.LT)","Giáo dục công dân (Thúy.LH)","Địa lí (Hòa.TP)","Lịch sử (Tấn.NQ)","Tiếng Anh (Hậu.TT)","Tiếng Anh (Hậu.TT)","Tin học (Phướng.BK)","Công nghệ (Ngân.LK)","Sinh hoạt lớp (Bình.LT)"
"21","Điểm Tân Kiều (THCS)","Khối 6","6A7","Chiều","HĐTNHN (Chuyên đề) (Diễm.NTN)","HĐTNHN (Quy mô lớp) (Diễm.NTN)","Ngữ văn (Vi.NH)","Ngữ văn (Vi.NH)","Chào cờ (Sang.NTK)","Ngữ văn (Vi.NH)","Khoa học tự nhiên (Lụa.NT)","Khoa học tự nhiên (Lụa.NT)","Công nghệ (Diễm.NTN)","Tiếng Anh (Thành.LM)","Khoa học tự nhiên (Lụa.NT)","Lịch sử (Hà.CTK)","Ngữ văn (Vi.NH)","Toán học (Nhuận.TV)","Toán học (Nhuận.TV)","Mỹ thuật (Quốc.TTM)","Toán học (Nhuận.TV)","","","","Lịch sử (Hà.CTK)","Khoa học tự nhiên (Lụa.NT)","Âm nhạc (Văn.NA)","Tiếng Anh (Thành.LM)","Tiếng Anh (Thành.LM)","Địa lí (Sang.NTK)","Toán học (Nhuận.TV)","Giáo dục thể chất (Điệp.LTN)","Giáo dục thể chất (Điệp.LTN)","Sinh hoạt lớp (Sang.NTK)"
"22","Điểm Tân Kiều (THCS)","Khối 6","6A8","Chiều","Toán học (Nhuận.TV)","Toán học (Nhuận.TV)","Khoa học tự nhiên (Lụa.NT)","Địa lí (Sang.NTK)","Chào cờ (Điệp.LTN)","HĐTNHN (Chuyên đề) (Diễm.NTN)","HĐTNHN (Quy mô lớp) (Diễm.NTN)","Ngữ văn (Vi.NH)","Giáo dục thể chất (Điệp.LTN)","Giáo dục thể chất (Điệp.LTN)","Mỹ thuật (Quốc.TTM)","Khoa học tự nhiên (Lụa.NT)","Khoa học tự nhiên (Lụa.NT)","Ngữ văn (Vi.NH)","Ngữ văn (Vi.NH)","Toán học (Nhuận.TV)","Tiếng Anh (Tuyền.LTN)","","","","Âm nhạc (Văn.NA)","Lịch sử (Hà.CTK)","Khoa học tự nhiên (Lụa.NT)","Tiếng Anh (Tuyền.LTN)","Tiếng Anh (Tuyền.LTN)","Lịch sử (Hà.CTK)","Ngữ văn (Vi.NH)","Toán học (Nhuận.TV)","Công nghệ (Diễm.NTN)","Sinh hoạt lớp (Điệp.LTN)"
"23","Điểm Tân Kiều (THCS)","Khối 6","6A9","Chiều","Toán học (Tín.NT)","Toán học (Tín.NT)","Giáo dục thể chất (Điệp.LTN)","Giáo dục thể chất (Điệp.LTN)","Chào cờ (Diễm.NTN)","Toán học (Tín.NT)","Toán học (Tín.NT)","Công nghệ (Diễm.NTN)","Khoa học tự nhiên (Phượng.NTB)","Khoa học tự nhiên (Phượng.NTB)","HĐTNHN (Chuyên đề) (Diễm.NTN)","HĐTNHN (Quy mô lớp) (Diễm.NTN)","Khoa học tự nhiên (Phượng.NTB)","Khoa học tự nhiên (Phượng.NTB)","Giáo dục công dân (Ngân.NM)","Tiếng Anh (Tuyền.LTN)","Âm nhạc (Văn.NA)","","","","Tiếng Anh (Tuyền.LTN)","Tiếng Anh (Tuyền.LTN)","Lịch sử (Hà.CTK)","Ngữ văn (Nhi.HTV)","Ngữ văn (Nhi.HTV)","Ngữ văn (Nhi.HTV)","Ngữ văn (Nhi.HTV)","Lịch sử (Hà.CTK)","Địa lí (Sang.NTK)","Sinh hoạt lớp (Diễm.NTN)"
"24","Điểm Tân Kiều (THCS)","Khối 6","6A10","Chiều","Khoa học tự nhiên (Lụa.NT)","Khoa học tự nhiên (Lụa.NT)","Giáo dục công dân (Ngân.NM)","Công nghệ (Diễm.NTN)","Chào cờ (Lụa.NT)","HĐTNHN (Chuyên đề) (Lụa.NT)","HĐTNHN (Quy mô lớp) (Lụa.NT)","Tin học (Hậu.LP)","Toán học (Huy.TQ)","Toán học (Huy.TQ)","Ngữ văn (Thảo.NT)","Ngữ văn (Thảo.NT)","Lịch sử (Hà.CTK)","Tiếng Anh (Tuyền.LTN)","Tiếng Anh (Tuyền.LTN)","Toán học (Huy.TQ)","Toán học (Huy.TQ)","","","","Khoa học tự nhiên (Lụa.NT)","Âm nhạc (Văn.NA)","Tiếng Anh (Tuyền.LTN)","Giáo dục thể chất (Điệp.LTN)","Giáo dục thể chất (Điệp.LTN)","Mỹ thuật (Quốc.TTM)","Lịch sử (Hà.CTK)","Địa lí (Sang.NTK)","Khoa học tự nhiên (Lụa.NT)","Sinh hoạt lớp (Lụa.NT)"
"25","Điểm Đốc Binh Kiều (THCS)","Khối 7","7A1","Chiều","HĐTNHN (Quy mô lớp) (Ngoan.NV)","HĐTNHN (Chuyên đề) (Phướng.BK)","Khoa học tự nhiên (Hiếu.NT)","Toán học (Ngoan.NV)","Chào cờ (Ngoan.NV)","Tiếng Anh (Khanh.NTM)","Tiếng Anh (Khanh.NTM)","Tin học (Lộc.MP)","Ngữ văn (An.LTH)","Ngữ văn (An.LTH)","Khoa học tự nhiên (Hiếu.NT)","Khoa học tự nhiên (Hiếu.NT)","Tiếng Anh (Khanh.NTM)","Giáo dục thể chất (Nguyên.LV)","Giáo dục thể chất (Nguyên.LV)","Lịch sử (The.LTK)","Âm nhạc (Xanh.LTT)","","","","Mỹ thuật (Đạt.LM)","Công nghệ (Cẩm.TT)","Toán học (Ngoan.NV)","Toán học (Ngoan.NV)","Lịch sử (The.LTK)","Ngữ văn (An.LTH)","Ngữ văn (An.LTH)","Khoa học tự nhiên (Hiếu.NT)","Toán học (Ngoan.NV)","Sinh hoạt lớp (Ngoan.NV)"
"26","Điểm Đốc Binh Kiều (THCS)","Khối 7","7A2","Chiều","Địa lí (Đỉnh.NTK)","Toán học (Tới.NV)","Toán học (Tới.NV)","Khoa học tự nhiên (Hiếu.NT)","Chào cờ (Lộc.MP)","HĐTNHN (Chuyên đề) (Cẩm.TT)","HĐTNHN (Quy mô lớp) (Lộc.MP)","Lịch sử (The.LTK)","Tiếng Anh (Dương.NTT)","Tiếng Anh (Dương.NTT)","Ngữ văn (Dương.HT)","Ngữ văn (Dương.HT)","Khoa học tự nhiên (Hiếu.NT)","Âm nhạc (Xanh.LTT)","Lịch sử (The.LTK)","Ngữ văn (Dương.HT)","Tiếng Anh (Dương.NTT)","","","","Công nghệ (Cẩm.TT)","Giáo dục thể chất (Nguyên.LV)","Giáo dục thể chất (Nguyên.LV)","Toán học (Tới.NV)","Toán học (Tới.NV)","Khoa học tự nhiên (Hiếu.NT)","Khoa học tự nhiên (Hiếu.NT)","Mỹ thuật (Đạt.LM)","Tin học (Lộc.MP)","Sinh hoạt lớp (Lộc.MP)"
"27","Điểm Đốc Binh Kiều (THCS)","Khối 7","7A3","Chiều","HĐTNHN (Quy mô lớp) (Nguyễn.NQ)","HĐTNHN (Chuyên đề) (Cẩm.TT)","Khoa học tự nhiên (Nhung.NTC)","Toán học (Nguyễn.NQ)","Chào cờ (Nguyễn.NQ)","Tin học (Lộc.MP)","Ngữ văn (Dương.HT)","Giáo dục công dân (Thúy.LH)","Lịch sử (The.LTK)","Mỹ thuật (Đạt.LM)","Khoa học tự nhiên (Nhung.NTC)","Toán học (Nguyễn.NQ)","Toán học (Nguyễn.NQ)","Tiếng Anh (Khanh.NTM)","Âm nhạc (Xanh.LTT)","Địa lí (Đỉnh.NTK)","Lịch sử (The.LTK)","","","","Ngữ văn (Dương.HT)","Tiếng Anh (Khanh.NTM)","Tiếng Anh (Khanh.NTM)","Giáo dục thể chất (Nguyên.LV)","Giáo dục thể chất (Nguyên.LV)","Công nghệ (Cẩm.TT)","Khoa học tự nhiên (Nhung.NTC)","Khoa học tự nhiên (Nhung.NTC)","Toán học (Nguyễn.NQ)","Sinh hoạt lớp (Nguyễn.NQ)"
"28","Điểm Đốc Binh Kiều (THCS)","Khối 7","7A4","Chiều","Khoa học tự nhiên (Nhung.NTC)","Khoa học tự nhiên (Nhung.NTC)","Âm nhạc (Xanh.LTT)","Tin học (Lộc.MP)","Chào cờ (Ẩn.LN)","HĐTNHN (Quy mô lớp) (Ẩn.LN)","HĐTNHN (Chuyên đề) (Cẩm.TT)","Mỹ thuật (Đạt.LM)","Toán học (Toàn.LV)","Toán học (Toàn.LV)","Giáo dục công dân (Thúy.LH)","Khoa học tự nhiên (Nhung.NTC)","Khoa học tự nhiên (Nhung.NTC)","Lịch sử (The.LTK)","Ngữ văn (Xoa.NTK)","Tiếng Anh (Dương.NTT)","Địa lí (Đỉnh.NTK)","","","","Tiếng Anh (Dương.NTT)","Tiếng Anh (Dương.NTT)","Lịch sử (The.LTK)","Toán học (Toàn.LV)","Toán học (Toàn.LV)","Ngữ văn (Xoa.NTK)","Giáo dục thể chất (Ẩn.LN)","Giáo dục thể chất (Ẩn.LN)","Công nghệ (Cẩm.TT)","Sinh hoạt lớp (Ẩn.LN)"
"29","Điểm Đốc Binh Kiều (THCS)","Khối 7","7A5","Chiều","HĐTNHN (Chuyên đề) (Cẩm.TT)","HĐTNHN (Quy mô lớp) (Phương.LT)","Toán học (Toàn.LC)","Công nghệ (Cẩm.TT)","Chào cờ (Hiếu.NT)","Âm nhạc (Xanh.LTT)","Giáo dục công dân (Xe.NT)","Tiếng Anh (Khanh.NTM)","Giáo dục thể chất (Nguyên.LV)","Giáo dục thể chất (Nguyên.LV)","Tiếng Anh (Khanh.NTM)","Tiếng Anh (Khanh.NTM)","Ngữ văn (Xoa.NTK)","Toán học (Toàn.LC)","Toán học (Toàn.LC)","Khoa học tự nhiên (Hiếu.NT)","Khoa học tự nhiên (Hiếu.NT)","","","","Ngữ văn (Xoa.NTK)","Ngữ văn (Xoa.NTK)","Mỹ thuật (Đạt.LM)","Lịch sử (The.LTK)","Địa lí (Tuấn.NA)","Lịch sử (The.LTK)","Ngữ văn (Xoa.NTK)","Tin học (Lộc.MP)","Khoa học tự nhiên (Hiếu.NT)","Sinh hoạt lớp (Hiếu.NT)"
"30","Điểm Đốc Binh Kiều (THCS)","Khối 7","7A6","Chiều","Khoa học tự nhiên (Toàn.VH)","Khoa học tự nhiên (Toàn.VH)","Tiếng Anh (Dương.NTT)","Tiếng Anh (Dương.NTT)","Chào cờ (Cẩm.TT)","Giáo dục công dân (Xe.NT)","Âm nhạc (Xanh.LTT)","Tiếng Anh (Dương.NTT)","Toán học (Giang.TV)","Toán học (Giang.TV)","Ngữ văn (An.LTH)","Ngữ văn (An.LTH)","Lịch sử (The.LTK)","Giáo dục thể chất (Hùng.NThanh)","Giáo dục thể chất (Hùng.NThanh)","Ngữ văn (An.LTH)","Ngữ văn (An.LTH)","","","","HĐTNHN (Quy mô lớp) (Cẩm.TT)","HĐTNHN (Chuyên đề) (Cẩm.TT)","Địa lí (Tuấn.NA)","Toán học (Giang.TV)","Toán học (Giang.TV)","Tin học (Lộc.MP)","Lịch sử (The.LTK)","Công nghệ (Cẩm.TT)","Mỹ thuật (Đạt.LM)","Sinh hoạt lớp (Cẩm.TT)"
"31","Điểm Tân Kiều (THCS)","Khối 7","7A7","Chiều","HĐTNHN (Chuyên đề) (Phương.TK)","HĐTNHN (Quy mô lớp) (Phương.TK)","Lịch sử và Địa lí (Châu.PTM)","Lịch sử và Địa lí (Châu.PTM)","Chào cờ (Phương.TK)","Lịch sử và Địa lí (Châu.PTM)","Ngữ văn (Vi.NH)","Toán học (Nga.HTH)","Khoa học tự nhiên (Phương.TK)","Khoa học tự nhiên (Phương.TK)","Toán học (Nga.HTH)","Toán học (Nga.HTH)","Tin học (Hậu.LP)","Giáo dục công dân (Ngân.NM)","Tiếng Anh (Bền.TS)","Tiếng Anh (Bền.TS)","Tiếng Anh (Bền.TS)","","","","Toán học (Nga.HTH)","Công nghệ (Tặt.PV)","Ngữ văn (Vi.NH)","Khoa học tự nhiên (Phương.TK)","Khoa học tự nhiên (Phương.TK)","Âm nhạc (Văn.NA)","Mỹ thuật (Quốc.TTM)","Giáo dục thể chất (Chính.LV)","Giáo dục thể chất (Chính.LV)","Sinh hoạt lớp (Phương.TK)"
"32","Điểm Tân Kiều (THCS)","Khối 7","7A8","Chiều","Lịch sử và Địa lí (Châu.PTM)","Lịch sử và Địa lí (Châu.PTM)","Khoa học tự nhiên (Phương.TK)","Khoa học tự nhiên (Phương.TK)","Chào cờ (Châu.PTM)","Tin học (Hậu.LP)","Giáo dục công dân (Ngân.NM)","Lịch sử và Địa lí (Châu.PTM)","Toán học (Nga.HTH)","Toán học (Nga.HTH)","Khoa học tự nhiên (Phương.TK)","Khoa học tự nhiên (Phương.TK)","Tiếng Anh (Bền.TS)","Toán học (Nga.HTH)","Toán học (Nga.HTH)","HĐTNHN (Chuyên đề) (Tặt.PV)","HĐTNHN (Quy mô lớp) (Tặt.PV)","","","","Tiếng Anh (Bền.TS)","Tiếng Anh (Bền.TS)","Công nghệ (Tặt.PV)","Ngữ văn (Vi.NH)","Ngữ văn (Vi.NH)","Giáo dục thể chất (Chính.LV)","Giáo dục thể chất (Chính.LV)","Ngữ văn (Vi.NH)","Ngữ văn (Vi.NH)","Sinh hoạt lớp (Châu.PTM)"
"33","Điểm Tân Kiều (THCS)","Khối 7","7A9","Chiều","HĐTNHN (Quy mô lớp) (Tặt.PV)","HĐTNHN (Chuyên đề) (Tặt.PV)","Giáo dục thể chất (Chính.LV)","Giáo dục thể chất (Chính.LV)","Chào cờ (Chính.LV)","Toán học (Nga.HTH)","Toán học (Nga.HTH)","Khoa học tự nhiên (Phương.TK)","Ngữ văn (Vi.NH)","Ngữ văn (Vi.NH)","Tiếng Anh (Bền.TS)","Tiếng Anh (Bền.TS)","Mỹ thuật (Quốc.TTM)","Khoa học tự nhiên (Phương.TK)","Khoa học tự nhiên (Phương.TK)","Lịch sử và Địa lí (Châu.PTM)","Lịch sử và Địa lí (Châu.PTM)","","","","Ngữ văn (Vi.NH)","Toán học (Nga.HTH)","Toán học (Nga.HTH)","Tiếng Anh (Bền.TS)","Công nghệ (Tặt.PV)","Ngữ văn (Vi.NH)","Âm nhạc (Văn.NA)","Khoa học tự nhiên (Phương.TK)","Lịch sử và Địa lí (Châu.PTM)","Sinh hoạt lớp (Chính.LV)"
"34","Điểm Đốc Binh Kiều (THCS)","Khối 8","8A1","Sáng","Chào cờ (Hùng.NThái)","Toán học (Hùng.NThái)","Công nghệ (Hải.TP)","Giáo dục công dân (Xe.NT)","HĐTNHN (Chuyên đề) (Hậu.TTH)","Ngữ văn (An.LTH)","Ngữ văn (An.LTH)","Tiếng Anh (Hậu.TT)","Tiếng Anh (Hậu.TT)","Lịch sử (The.LTK)","Ngữ văn (An.LTH)","Công nghệ (Hải.TP)","Giáo dục thể chất (Nguyên.LV)","Giáo dục thể chất (Nguyên.LV)","Lịch sử (The.LTK)","Vật lí (Thắm.NT)","Vật lí (Thắm.NT)","Tiếng Anh (Hậu.TT)","Ngữ văn (An.LTH)","Hóa học (Phương.LT)","Vật lí (Thắm.NT)","Âm nhạc (Xanh.LTT)","Mỹ thuật (Đạt.LM)","Địa lí (Đỉnh.NTK)","Toán học (Hùng.NThái)","Toán học (Hùng.NThái)","Toán học (Hùng.NThái)","Tin học (Phướng.BK)","HĐTNHN (Quy mô lớp) (Hùng.NThái)","Sinh hoạt lớp (Hùng.NThái)"
"35","Điểm Đốc Binh Kiều (THCS)","Khối 8","8A2","Sáng","Chào cờ (Hải.TP)","Địa lí (Đỉnh.NTK)","Tin học (Phướng.BK)","Vật lí (Thắm.NT)","Vật lí (Thắm.NT)","Giáo dục thể chất (Nguyên.LV)","Giáo dục thể chất (Nguyên.LV)","Vật lí (Thắm.NT)","Công nghệ (Hải.TP)","HĐTNHN (Quy mô lớp) (Hải.TP)","Lịch sử (The.LTK)","Ngữ văn (An.LTH)","Giáo dục công dân (Xe.NT)","HĐTNHN (Chuyên đề) (Hậu.TTH)","Hóa học (Phương.LT)","Ngữ văn (An.LTH)","Tiếng Anh (Dương.NTT)","Tiếng Anh (Dương.NTT)","Toán học (Hùng.NThái)","Toán học (Hùng.NThái)","Tiếng Anh (Dương.NTT)","Mỹ thuật (Đạt.LM)","Toán học (Hùng.NThái)","Âm nhạc (Xanh.LTT)","Lịch sử (The.LTK)","Ngữ văn (An.LTH)","Ngữ văn (An.LTH)","Toán học (Hùng.NThái)","Công nghệ (Hải.TP)","Sinh hoạt lớp (Hải.TP)"
"36","Điểm Đốc Binh Kiều (THCS)","Khối 8","8A3","Sáng","Chào cờ (Xe.NT)","Giáo dục công dân (Xe.NT)","Vật lí (Thắm.NT)","Tiếng Anh (Dương.NTT)","Tiếng Anh (Dương.NTT)","Tiếng Anh (Dương.NTT)","Mỹ thuật (Đạt.LM)","Công nghệ (Hải.TP)","Ngữ văn (An.LTH)","Ngữ văn (An.LTH)","HĐTNHN (Quy mô lớp) (Xe.NT)","Hóa học (Tài.HTN)","Công nghệ (Hải.TP)","Toán học (Nguyễn.NQ)","Toán học (Nguyễn.NQ)","Lịch sử (The.LTK)","Ngữ văn (An.LTH)","Ngữ văn (An.LTH)","Vật lí (Thắm.NT)","Vật lí (Thắm.NT)","Giáo dục thể chất (Dân.HT)","Giáo dục thể chất (Dân.HT)","Địa lí (Đỉnh.NTK)","Lịch sử (The.LTK)","Âm nhạc (Xanh.LTT)","Tin học (Phướng.BK)","HĐTNHN (Chuyên đề) (Hậu.TTH)","Toán học (Nguyễn.NQ)","Toán học (Nguyễn.NQ)","Sinh hoạt lớp (Xe.NT)"
"37","Điểm Đốc Binh Kiều (THCS)","Khối 8","8A4","Sáng","Chào cờ (Ngân.NK)","HĐTNHN (Quy mô lớp) (Ngân.NK)","Địa lí (Đỉnh.NTK)","Toán học (Ngoan.NV)","Toán học (Ngoan.NV)","Tiếng Anh (Hậu.TT)","Tiếng Anh (Hậu.TT)","Ngữ văn (Xoa.NTK)","Mỹ thuật (Đạt.LM)","Vật lí (Hậu.TTH)","Ngữ văn (Xoa.NTK)","Ngữ văn (Xoa.NTK)","Giáo dục thể chất (Dân.HT)","Giáo dục thể chất (Dân.HT)","Công nghệ (Hải.TP)","Âm nhạc (Xanh.LTT)","Lịch sử (Tấn.NQ)","Công nghệ (Hải.TP)","Tiếng Anh (Hậu.TT)","Giáo dục công dân (Xe.NT)","Lịch sử (Tấn.NQ)","Ngữ văn (Xoa.NTK)","Toán học (Ngoan.NV)","Vật lí (Hậu.TTH)","Vật lí (Hậu.TTH)","HĐTNHN (Chuyên đề) (Hậu.TTH)","Tin học (Phướng.BK)","Toán học (Ngoan.NV)","Hóa học (Ngân.NK)","Sinh hoạt lớp (Ngân.NK)"
"38","Điểm Đốc Binh Kiều (THCS)","Khối 8","8A5","Sáng","Chào cờ (Toàn.VH)","Hóa học (Toàn.VH)","Toán học (Ngoan.NV)","Công nghệ (Hải.TP)","Tin học (Phướng.BK)","Ngữ văn (Xoa.NTK)","Ngữ văn (Xoa.NTK)","Giáo dục công dân (Xe.NT)","Tiếng Anh (Dương.NTT)","Tiếng Anh (Dương.NTT)","Công nghệ (Hải.TP)","Lịch sử (Tấn.NQ)","Ngữ văn (Xoa.NTK)","Âm nhạc (Xanh.LTT)","Vật lí (Hậu.TTH)","Lịch sử (Tấn.NQ)","Địa lí (Đỉnh.NTK)","Giáo dục thể chất (Dân.HT)","Giáo dục thể chất (Dân.HT)","HĐTNHN (Chuyên đề) (Hậu.TTH)","Ngữ văn (Xoa.NTK)","Tiếng Anh (Dương.NTT)","HĐTNHN (Quy mô lớp) (Toàn.VH)","Mỹ thuật (Đạt.LM)","Toán học (Ngoan.NV)","Toán học (Ngoan.NV)","Toán học (Ngoan.NV)","Vật lí (Hậu.TTH)","Vật lí (Hậu.TTH)","Sinh hoạt lớp (Toàn.VH)"
"39","Điểm Đốc Binh Kiều (THCS)","Khối 8","8A6","Sáng","Chào cờ (Dân.HT)","Toán học (Nguyễn.NQ)","Toán học (Nguyễn.NQ)","Tin học (Phướng.BK)","Công nghệ (Hải.TP)","HĐTNHN (Chuyên đề) (Hậu.TTH)","Tiếng Anh (Dương.NTT)","Tiếng Anh (Dương.NTT)","Vật lí (Hậu.TTH)","Mỹ thuật (Đạt.LM)","Lịch sử (Tấn.NQ)","Toán học (Nguyễn.NQ)","Toán học (Nguyễn.NQ)","Ngữ văn (Xoa.NTK)","Ngữ văn (Xoa.NTK)","Tiếng Anh (Dương.NTT)","Âm nhạc (Xanh.LTT)","Vật lí (Hậu.TTH)","Vật lí (Hậu.TTH)","Công nghệ (Hải.TP)","Hóa học (Toàn.VH)","Lịch sử (Tấn.NQ)","Giáo dục thể chất (Dân.HT)","Giáo dục thể chất (Dân.HT)","Địa lí (Đỉnh.NTK)","Ngữ văn (Xoa.NTK)","Ngữ văn (Xoa.NTK)","HĐTNHN (Quy mô lớp) (Dân.HT)","Giáo dục công dân (Xe.NT)","Sinh hoạt lớp (Dân.HT)"
"40","Điểm Tân Kiều (THCS)","Khối 8","8A7","Sáng","Chào cờ (Tiến.TV)","Vật lí (Phượng.NTB)","Vật lí (Phượng.NTB)","Địa lí (Sang.NTK)","Lịch sử (Hà.CTK)","Giáo dục công dân (Ngân.NM)","Công nghệ (Tặt.PV)","HĐTNHN (Chuyên đề) (Tặt.PV)","HĐTNHN (Chuyên đề) (Tặt.PV)","Ngữ văn (Nhi.HTV)","Toán học (Nga.HTH)","Công nghệ (Tặt.PV)","Hóa học (Văn.VNĐ)","Tiếng Anh (Tuyền.LTN)","Tiếng Anh (Tuyền.LTN)","Ngữ văn (Nhi.HTV)","Ngữ văn (Nhi.HTV)","Âm nhạc (Văn.NA)","Toán học (Nga.HTH)","Toán học (Nga.HTH)","Toán học (Nga.HTH)","Tiếng Anh (Tuyền.LTN)","Vật lí (Phượng.NTB)","Giáo dục thể chất (Điệp.LTN)","Giáo dục thể chất (Điệp.LTN)","Tin học (Hậu.LP)","Ngữ văn (Nhi.HTV)","Lịch sử (Hà.CTK)","Mỹ thuật (Quốc.TTM)","Sinh hoạt lớp (Tiến.TV)"
"41","Điểm Tân Kiều (THCS)","Khối 8","8A8","Sáng","Chào cờ (Phượng.NTB)","Địa lí (Sang.NTK)","Lịch sử (Hà.CTK)","HĐTNHN (Chuyên đề) (Tặt.PV)","HĐTNHN (Chuyên đề) (Tặt.PV)","Công nghệ (Tặt.PV)","Vật lí (Phượng.NTB)","Vật lí (Phượng.NTB)","Giáo dục thể chất (Điệp.LTN)","Giáo dục thể chất (Điệp.LTN)","Giáo dục công dân (Ngân.NM)","Toán học (Nga.HTH)","Ngữ văn (Thảo.NT)","Lịch sử (Hà.CTK)","Hóa học (Văn.VNĐ)","Ngữ văn (Thảo.NT)","Ngữ văn (Thảo.NT)","Toán học (Nga.HTH)","Tiếng Anh (Thành.LM)","Tiếng Anh (Thành.LM)","Tiếng Anh (Thành.LM)","Toán học (Nga.HTH)","Toán học (Nga.HTH)","Công nghệ (Tặt.PV)","Ngữ văn (Thảo.NT)","Mỹ thuật (Quốc.TTM)","Vật lí (Phượng.NTB)","Tin học (Hậu.LP)","Âm nhạc (Văn.NA)","Sinh hoạt lớp (Phượng.NTB)"
"42","Điểm Tân Kiều (THCS)","Khối 8","8A9","Sáng","Chào cờ (Hậu.LP)","Toán học (Nhuận.TV)","Toán học (Nhuận.TV)","Tin học (Hậu.LP)","Địa lí (Sang.NTK)","Giáo dục thể chất (Điệp.LTN)","Giáo dục thể chất (Điệp.LTN)","Giáo dục công dân (Ngân.NM)","Vật lí (Phượng.NTB)","Vật lí (Phượng.NTB)","Tiếng Anh (Tuyền.LTN)","Tiếng Anh (Tuyền.LTN)","Công nghệ (Tặt.PV)","Ngữ văn (Nhi.HTV)","Ngữ văn (Nhi.HTV)","Toán học (Nhuận.TV)","Toán học (Nhuận.TV)","Công nghệ (Tặt.PV)","Ngữ văn (Nhi.HTV)","HĐTNHN (Quy mô lớp) (Tặt.PV)","Tiếng Anh (Tuyền.LTN)","Lịch sử (Hà.CTK)","HĐTNHN (Chuyên đề) (Tặt.PV)","Ngữ văn (Nhi.HTV)","Hóa học (Văn.VNĐ)","Vật lí (Phượng.NTB)","Âm nhạc (Văn.NA)","Mỹ thuật (Quốc.TTM)","Lịch sử (Hà.CTK)","Sinh hoạt lớp (Hậu.LP)"
"43","Điểm Tân Kiều (THCS)","Khối 8","8A10","Sáng","Chào cờ (Nhuận.TV)","Giáo dục công dân (Ngân.NM)","Địa lí (Sang.NTK)","Giáo dục thể chất (Điệp.LTN)","Giáo dục thể chất (Điệp.LTN)","Vật lí (Phượng.NTB)","Tin học (Hậu.LP)","Ngữ văn (Thảo.NT)","Ngữ văn (Thảo.NT)","Công nghệ (Tặt.PV)","Ngữ văn (Thảo.NT)","Vật lí (Phượng.NTB)","Vật lí (Phượng.NTB)","Toán học (Nhuận.TV)","Toán học (Nhuận.TV)","Âm nhạc (Văn.NA)","Mỹ thuật (Quốc.TTM)","Lịch sử (Hà.CTK)","Công nghệ (Tặt.PV)","Ngữ văn (Thảo.NT)","HĐTNHN (Quy mô lớp) (Tặt.PV)","Tiếng Anh (Thành.LM)","Hóa học (Văn.VNĐ)","Lịch sử (Hà.CTK)","HĐTNHN (Chuyên đề) (Tặt.PV)","Tiếng Anh (Thành.LM)","Tiếng Anh (Thành.LM)","Toán học (Nhuận.TV)","Toán học (Nhuận.TV)","Sinh hoạt lớp (Nhuận.TV)"
"44","Điểm Đốc Binh Kiều (THCS)","Khối 9","9A1","Sáng","Chào cờ (Nhung.NTC)","Toán học (Tài.NV)","Sinh học (Nhung.NTC)","Vật lí (Hậu.TTH)","Mỹ thuật (Đạt.LM)","Lịch sử (Sơn.TV)","Lịch sử (Sơn.TV)","Địa lí (Lý.NT)","Giáo dục công dân (Xe.NT)","Công nghệ (Cẩm.TT)","HĐTNHN (Chuyên đề) (Nhung.NTC)","Tiếng Anh (Khanh.NTM)","Tiếng Anh (Khanh.NTM)","Hóa học (Phương.LT)","Âm nhạc (Xanh.LTT)","Toán học (Tài.NV)","Toán học (Tài.NV)","Ngữ văn (Nghĩa.TV)","Ngữ văn (Nghĩa.TV)","","Vật lí (Hậu.TTH)","Toán học (Tài.NV)","Tiếng Anh (Khanh.NTM)","Ngữ văn (Nghĩa.TV)","Ngữ văn (Nghĩa.TV)","Giáo dục thể chất (Ẩn.LN)","Giáo dục thể chất (Ẩn.LN)","Tin học (Lộc.MP)","HĐTNHN (Quy mô lớp) (Nhung.NTC)","Sinh hoạt lớp (Nhung.NTC)"
"45","Điểm Đốc Binh Kiều (THCS)","Khối 9","9A2","Sáng","Chào cờ (Hậu.TTH)","Vật lí (Hậu.TTH)","HĐTNHN (Quy mô lớp) (Hậu.TTH)","Toán học (Tài.NV)","Toán học (Tài.NV)","Âm nhạc (Xanh.LTT)","Giáo dục thể chất (Ẩn.LN)","Giáo dục thể chất (Ẩn.LN)","Công nghệ (Cẩm.TT)","Hóa học (Phương.LT)","Ngữ văn (Lâm.PT)","Ngữ văn (Lâm.PT)","HĐTNHN (Chuyên đề) (Nhung.NTC)","Địa lí (Lý.NT)","Giáo dục công dân (Xe.NT)","Tiếng Anh (Thảo.HM)","Tiếng Anh (Thảo.HM)","Lịch sử (Sơn.TV)","Lịch sử (Sơn.TV)","","Ngữ văn (Lâm.PT)","Ngữ văn (Lâm.PT)","Vật lí (Hậu.TTH)","Toán học (Tài.NV)","Toán học (Tài.NV)","Tin học (Lộc.MP)","Mỹ thuật (Đạt.LM)","Sinh học (Nhung.NTC)","Tiếng Anh (Thảo.HM)","Sinh hoạt lớp (Hậu.TTH)"
"46","Điểm Đốc Binh Kiều (THCS)","Khối 9","9A3","Sáng","Chào cờ (Lang.NTB)","Sinh học (Hiếu.NT)","Toán học (Lang.NTB)","Toán học (Lang.NTB)","Tin học (Lộc.MP)","Tiếng Anh (Khanh.NTM)","Tiếng Anh (Khanh.NTM)","Công nghệ (Cẩm.TT)","Lịch sử (The.LTK)","Địa lí (Lý.NT)","Tiếng Anh (Khanh.NTM)","Giáo dục công dân (Xe.NT)","Lịch sử (The.LTK)","Ngữ văn (Nghĩa.TV)","Ngữ văn (Nghĩa.TV)","Ngữ văn (Nghĩa.TV)","Ngữ văn (Nghĩa.TV)","Vật lí (Thắm.NT)","HĐTNHN (Quy mô lớp) (Hải.TP)","","Mỹ thuật (Đạt.LM)","Vật lí (Thắm.NT)","Âm nhạc (Xanh.LTT)","Toán học (Lang.NTB)","Toán học (Lang.NTB)","Giáo dục thể chất (Dân.HT)","Giáo dục thể chất (Dân.HT)","HĐTNHN (Chuyên đề) (Phương.LT)","Hóa học (Toàn.VH)","Sinh hoạt lớp (Lang.NTB)"
"47","Điểm Đốc Binh Kiều (THCS)","Khối 9","9A4","Sáng","Chào cờ (Tài.NV)","Vật lí (Thắm.NT)","Sinh học (Hiếu.NT)","Mỹ thuật (Đạt.LM)","HĐTNHN (Chuyên đề) (Phương.LT)","Ngữ văn (Lâm.PT)","Ngữ văn (Lâm.PT)","Tiếng Anh (Khanh.NTM)","Toán học (Tài.NV)","Toán học (Tài.NV)","Giáo dục thể chất (Dân.HT)","Giáo dục thể chất (Dân.HT)","Công nghệ (Ngân.LK)","Giáo dục công dân (Xe.NT)","Địa lí (Lý.NT)","Ngữ văn (Lâm.PT)","Ngữ văn (Lâm.PT)","Lịch sử (The.LTK)","Âm nhạc (Xanh.LTT)","","Toán học (Tài.NV)","Hóa học (Toàn.VH)","HĐTNHN (Quy mô lớp) (Tài.NV)","Tiếng Anh (Khanh.NTM)","Tiếng Anh (Khanh.NTM)","Lịch sử (The.LTK)","Tin học (Lộc.MP)","Vật lí (Thắm.NT)","Toán học (Tài.NV)","Sinh hoạt lớp (Tài.NV)"
"48","Điểm Đốc Binh Kiều (THCS)","Khối 9","9A5","Sáng","Chào cờ (Thảo.HM)","Tiếng Anh (Thảo.HM)","Tiếng Anh (Thảo.HM)","HĐTNHN (Chuyên đề) (Phương.LT)","Giáo dục công dân (Xe.NT)","Tin học (Lộc.MP)","Âm nhạc (Xanh.LTT)","Vật lí (Hậu.TTH)","Ngữ văn (Nghĩa.TV)","Ngữ văn (Nghĩa.TV)","Công nghệ (Ngân.LK)","Lịch sử (The.LTK)","Ngữ văn (Nghĩa.TV)","Toán học (Lang.NTB)","Toán học (Lang.NTB)","Giáo dục thể chất (Dân.HT)","Giáo dục thể chất (Dân.HT)","HĐTNHN (Quy mô lớp) (Thảo.HM)","Hóa học (Phương.LT)","","Địa lí (Đỉnh.NTK)","Vật lí (Hậu.TTH)","Ngữ văn (Nghĩa.TV)","Tiếng Anh (Thảo.HM)","Sinh học (Hiếu.NT)","Mỹ thuật (Đạt.LM)","Lịch sử (The.LTK)","Toán học (Lang.NTB)","Toán học (Lang.NTB)","Sinh hoạt lớp (Thảo.HM)"
"49","Điểm Đốc Binh Kiều (THCS)","Khối 9","9A6","Sáng","Chào cờ (Phương.LT)","Giáo dục thể chất (Dân.HT)","Giáo dục thể chất (Dân.HT)","Tin học (Lộc.MP)","Toán học (Lang.NTB)","Toán học (Lang.NTB)","Toán học (Lang.NTB)","Mỹ thuật (Đạt.LM)","HĐTNHN (Quy mô lớp) (Phương.LT)","Vật lí (Thắm.NT)","Ngữ văn (Nghĩa.TV)","Ngữ văn (Nghĩa.TV)","HĐTNHN (Chuyên đề) (Phương.LT)","Lịch sử (The.LTK)","Công nghệ (Ngân.LK)","Địa lí (Đỉnh.NTK)","Lịch sử (The.LTK)","Âm nhạc (Xanh.LTT)","Giáo dục công dân (Xe.NT)","","Ngữ văn (Nghĩa.TV)","Ngữ văn (Nghĩa.TV)","Toán học (Lang.NTB)","Sinh học (Hiếu.NT)","Tiếng Anh (Thảo.HM)","Vật lí (Thắm.NT)","Tiếng Anh (Thảo.HM)","Tiếng Anh (Thảo.HM)","Hóa học (Phương.LT)","Sinh hoạt lớp (Phương.LT)"
"50","Điểm Tân Kiều (THCS)","Khối 9","9A7","Sáng","Chào cờ (Huy.TQ)","Toán học (Huy.TQ)","Công nghệ (Diễm.NTN)","Lịch sử (Hà.CTK)","Vật lí (Phượng.NTB)","Tin học (Hậu.LP)","Địa lí (Châu.PTM)","Toán học (Huy.TQ)","HĐTNHN (Quy mô lớp) (Tòng.NT)","HĐTNHN (Chuyên đề) (Tòng.NT)","Mỹ thuật (Quốc.TTM)","Lịch sử (Hà.CTK)","Sinh học (Giàu.ĐT)","Ngữ văn (Thảo.NT)","Giáo dục công dân (Ngân.NM)","Hóa học (Giàu.ĐT)","Tiếng Anh (Thành.LM)","Tiếng Anh (Thành.LM)","Ngữ văn (Thảo.NT)","","Âm nhạc (Văn.NA)","Vật lí (Phượng.NTB)","Ngữ văn (Thảo.NT)","Ngữ văn (Thảo.NT)","Tiếng Anh (Thành.LM)","Giáo dục thể chất (Chính.LV)","Giáo dục thể chất (Chính.LV)","Toán học (Huy.TQ)","Toán học (Huy.TQ)","Sinh hoạt lớp (Huy.TQ)"
"51","Điểm Tân Kiều (THCS)","Khối 9","9A8","Sáng","Chào cờ (Giàu.ĐT)","Sinh học (Giàu.ĐT)","Toán học (Tín.NT)","Vật lí (Phượng.NTB)","Công nghệ (Diễm.NTN)","Tiếng Anh (Thành.LM)","Tiếng Anh (Thành.LM)","Ngữ văn (Nhi.HTV)","Giáo dục thể chất (Chính.LV)","Giáo dục thể chất (Chính.LV)","HĐTNHN (Chuyên đề) (Giàu.ĐT)","Hóa học (Giàu.ĐT)","Mỹ thuật (Quốc.TTM)","Giáo dục công dân (Ngân.NM)","Lịch sử (Hà.CTK)","Tiếng Anh (Thành.LM)","Địa lí (Châu.PTM)","Ngữ văn (Nhi.HTV)","Lịch sử (Hà.CTK)","","Ngữ văn (Nhi.HTV)","Ngữ văn (Nhi.HTV)","Toán học (Tín.NT)","Toán học (Tín.NT)","Vật lí (Phượng.NTB)","Toán học (Tín.NT)","Tin học (Hậu.LP)","Âm nhạc (Văn.NA)","HĐTNHN (Quy mô lớp) (Giàu.ĐT)","Sinh hoạt lớp (Giàu.ĐT)"
"52","Điểm Tân Kiều (THCS)","Khối 9","9A9","Sáng","Chào cờ (Ngân.NM)","Tin học (Hậu.LP)","HĐTNHN (Chuyên đề) (Tặt.PV)","Giáo dục thể chất (Chính.LV)","Giáo dục thể chất (Chính.LV)","Ngữ văn (Nhi.HTV)","Ngữ văn (Nhi.HTV)","Công nghệ (Diễm.NTN)","Toán học (Huy.TQ)","Toán học (Huy.TQ)","HĐTNHN (Quy mô lớp) (Tặt.PV)","Mỹ thuật (Quốc.TTM)","Lịch sử (Hà.CTK)","Hóa học (Giàu.ĐT)","Tiếng Anh (Thành.LM)","Địa lí (Châu.PTM)","Sinh học (Giàu.ĐT)","Toán học (Huy.TQ)","Toán học (Huy.TQ)","","Vật lí (Phượng.NTB)","Âm nhạc (Văn.NA)","Tiếng Anh (Thành.LM)","Tiếng Anh (Thành.LM)","Ngữ văn (Nhi.HTV)","Ngữ văn (Nhi.HTV)","Lịch sử (Hà.CTK)","Vật lí (Phượng.NTB)","Giáo dục công dân (Ngân.NM)","Sinh hoạt lớp (Ngân.NM)"
"53","Điểm Tân Kiều (THCS)","Khối 9","9A10","Sáng","Chào cờ (Tín.NT)","Toán học (Tín.NT)","Tin học (Hậu.LP)","Ngữ văn (Thảo.NT)","Ngữ văn (Thảo.NT)","Địa lí (Châu.PTM)","Giáo dục thể chất (Chính.LV)","Giáo dục thể chất (Chính.LV)","Tiếng Anh (Thành.LM)","Tiếng Anh (Thành.LM)","Vật lí (Phượng.NTB)","Giáo dục công dân (Ngân.NM)","Công nghệ (Diễm.NTN)","Tiếng Anh (Thành.LM)","HĐTNHN (Quy mô lớp) (Tặt.PV)","Mỹ thuật (Quốc.TTM)","Lịch sử (Hà.CTK)","Ngữ văn (Thảo.NT)","Sinh học (Giàu.ĐT)","","Ngữ văn (Thảo.NT)","HĐTNHN (Chuyên đề) (Tặt.PV)","Lịch sử (Hà.CTK)","Hóa học (Văn.VNĐ)","Toán học (Tín.NT)","Âm nhạc (Văn.NA)","Toán học (Tín.NT)","Toán học (Tín.NT)","Vật lí (Phượng.NTB)","Sinh hoạt lớp (Tín.NT)"
